-- phpMyAdmin SQL Dump
-- version 5.2.3
-- https://www.phpmyadmin.net/
--
-- –•–Њ—Б—В: MySQL-8.4:3306
-- –Т—А–µ–Љ—П —Б–Њ–Ј–і–∞–љ–Є—П: –Р–њ—А 14 2026 –≥., 00:06
-- –Т–µ—А—Б–Є—П —Б–µ—А–≤–µ—А–∞: 8.4.6
-- –Т–µ—А—Б–Є—П PHP: 8.4.13

SET SQL_MODE = "NO_AUTO_VALUE_ON_ZERO";
START TRANSACTION;
SET time_zone = "+00:00";


/*!40101 SET @OLD_CHARACTER_SET_CLIENT=@@CHARACTER_SET_CLIENT */;
/*!40101 SET @OLD_CHARACTER_SET_RESULTS=@@CHARACTER_SET_RESULTS */;
/*!40101 SET @OLD_COLLATION_CONNECTION=@@COLLATION_CONNECTION */;
/*!40101 SET NAMES utf8mb4 */;

--
-- –С–∞–Ј–∞ –і–∞–љ–љ—Л—Е: `store`
--

-- --------------------------------------------------------

--
-- –°—В—А—Г–Ї—В—Г—А–∞ —В–∞–±–ї–Є—Ж—Л `attributes`
--

CREATE TABLE `attributes` (
  `id_attributes` int NOT NULL,
  `properties_id_attributes` int NOT NULL,
  `value_attributes` varchar(255) NOT NULL
) ENGINE=InnoDB DEFAULT CHARSET=utf8mb3;

--
-- –Ф–∞–Љ–њ –і–∞–љ–љ—Л—Е —В–∞–±–ї–Є—Ж—Л `attributes`
--

INSERT INTO `attributes` (`id_attributes`, `properties_id_attributes`, `value_attributes`) VALUES
(1, 1, '–Ъ—А–∞—Б–љ—Л–є'),
(2, 2, '–Ф—А—Г–≥–Њ–є'),
(3, 1, '–С–µ–ї—Л–є'),
(4, 1, '–†–Њ–Ј–Њ–≤—Л–є');

-- --------------------------------------------------------

--
-- –°—В—А—Г–Ї—В—Г—А–∞ —В–∞–±–ї–Є—Ж—Л `baskets`
--

CREATE TABLE `baskets` (
  `id_baskets` int NOT NULL,
  `items_id_baskets` int NOT NULL,
  `count_baskets` int NOT NULL,
  `orders_id_baskets` int DEFAULT NULL
) ENGINE=InnoDB DEFAULT CHARSET=utf8mb3;

-- --------------------------------------------------------

--
-- –°—В—А—Г–Ї—В—Г—А–∞ —В–∞–±–ї–Є—Ж—Л `comments`
--

CREATE TABLE `comments` (
  `id_comments` int NOT NULL,
  `users_id_comments` int NOT NULL,
  `text_comments` varchar(255) DEFAULT NULL,
  `rating_comments` int NOT NULL,
  `date_add_comments` datetime NOT NULL,
  `items_id_comments` int NOT NULL
) ENGINE=InnoDB DEFAULT CHARSET=utf8mb3;

-- --------------------------------------------------------

--
-- –°—В—А—Г–Ї—В—Г—А–∞ —В–∞–±–ї–Є—Ж—Л `items`
--

CREATE TABLE `items` (
  `id_items` int NOT NULL,
  `name_items` varchar(150) NOT NULL,
  `count_items` int NOT NULL,
  `image_items` varchar(150) CHARACTER SET utf8mb3 COLLATE utf8mb3_general_ci DEFAULT NULL,
  `cost_items` int NOT NULL,
  `date_add_items` date NOT NULL,
  `items_type_id_items` int NOT NULL DEFAULT '1',
  `description_items` varchar(255) CHARACTER SET utf8mb3 COLLATE utf8mb3_general_ci DEFAULT NULL,
  `views_items` int NOT NULL DEFAULT '0'
) ENGINE=InnoDB DEFAULT CHARSET=utf8mb3;

--
-- –Ф–∞–Љ–њ –і–∞–љ–љ—Л—Е —В–∞–±–ї–Є—Ж—Л `items`
--

INSERT INTO `items` (`id_items`, `name_items`, `count_items`, `image_items`, `cost_items`, `date_add_items`, `items_type_id_items`, `description_items`, `views_items`) VALUES
(1, '–Ґ–Њ–≤–∞—А 1', 19, 'default.png', 872, '2026-01-13', 2, NULL, 0),
(2, '–Ґ–Њ–≤–∞—А 2', 14, 'default.png', 682, '2026-01-14', 1, NULL, 0),
(3, '–Ґ–Њ–≤–∞—А 3', 15, 'default.png', 740, '2026-01-14', 2, NULL, 0),
(4, '–Ґ–Њ–≤–∞—А 4', 18, 'default.png', 435, '2026-01-14', 1, NULL, 0),
(5, '–Ґ–Њ–≤–∞—А 5', 25, 'default.png', 366, '2026-01-14', 2, NULL, 0),
(6, '–Ґ–Њ–≤–∞—А 6', 15, 'default.png', 168, '2026-01-14', 1, NULL, 0),
(7, '–Ґ–Њ–≤–∞—А 7', 16, 'default.png', 85, '2026-01-14', 2, NULL, 0),
(8, '–Ґ–Њ–≤–∞—А 8', 26, 'default.png', 921, '2026-01-14', 1, NULL, 0),
(9, '–Ґ–Њ–≤–∞—А 9', 26, 'default.png', 790, '2026-01-14', 2, NULL, 0),
(10, '–Ґ–Њ–≤–∞—А 10', 9, 'default.png', 316, '2026-01-14', 1, NULL, 0),
(11, '–Ґ–Њ–≤–∞—А 11', 16, 'default.png', 164, '2026-01-14', 2, NULL, 0),
(12, '–Ґ–Њ–≤–∞—А 12', 9, 'default.png', 150, '2026-01-14', 1, NULL, 0),
(13, '–Ґ–Њ–≤–∞—А 13', 17, 'default.png', 472, '2026-01-14', 2, NULL, 0),
(14, '–Ґ–Њ–≤–∞—А 14', 11, 'default.png', 461, '2026-01-14', 1, NULL, 0),
(15, '–Ґ–Њ–≤–∞—А 15', 13, 'default.png', 330, '2026-01-14', 2, NULL, 0),
(16, '–Ґ–Њ–≤–∞—А 16', 15, 'default.png', 778, '2026-01-14', 1, NULL, 0),
(17, '–Ґ–Њ–≤–∞—А 17', 21, 'default.png', 448, '2026-01-14', 2, NULL, 0),
(18, '–Ґ–Њ–≤–∞—А 18', 14, 'default.png', 104, '2026-01-14', 1, NULL, 0),
(19, '–Ґ–Њ–≤–∞—А 19', 12, 'default.png', 910, '2026-01-14', 2, NULL, 0),
(20, '–Ґ–Њ–≤–∞—А 20', 9, 'default.png', 860, '2026-01-14', 1, NULL, 0),
(21, '–Ґ–Њ–≤–∞—А 21', 25, 'default.png', 937, '2026-01-14', 2, NULL, 0),
(22, '–Ґ–Њ–≤–∞—А 22', 12, 'default.png', 988, '2026-01-14', 1, NULL, 0),
(23, '–Ґ–Њ–≤–∞—А 23', 20, 'default.png', 495, '2026-01-14', 2, NULL, 0),
(24, '–Ґ–Њ–≤–∞—А 24', 27, 'default.png', 495, '2026-01-14', 1, NULL, 0),
(25, '–Ґ–Њ–≤–∞—А 25', 6, 'default.png', 190, '2026-01-14', 2, NULL, 0),
(26, '–Ґ–Њ–≤–∞—А 26', 15, 'default.png', 38, '2026-01-14', 1, NULL, 0),
(27, '–Ґ–Њ–≤–∞—А 27', 21, 'default.png', 963, '2026-01-14', 2, NULL, 0),
(28, '–Ґ–Њ–≤–∞—А 28', 19, 'default.png', 947, '2026-01-14', 1, NULL, 0),
(29, '–Ґ–Њ–≤–∞—А 29', 19, 'default.png', 764, '2026-01-14', 2, NULL, 0),
(30, '–Ґ–Њ–≤–∞—А 30', 6, 'default.png', 437, '2026-01-14', 1, NULL, 0),
(31, '–Ґ–Њ–≤–∞—А 31', 8, 'default.png', 765, '2026-01-14', 2, NULL, 0),
(32, '–Ґ–Њ–≤–∞—А 32', 7, 'default.png', 938, '2026-01-14', 1, NULL, 0),
(33, '–Ґ–Њ–≤–∞—А 33', 19, 'default.png', 358, '2026-01-14', 2, NULL, 0),
(34, '–Ґ–Њ–≤–∞—А 34', 25, 'default.png', 915, '2026-01-14', 1, NULL, 0),
(35, '–Ґ–Њ–≤–∞—А 35', 8, 'default.png', 470, '2026-01-14', 2, NULL, 0),
(36, '–Ґ–Њ–≤–∞—А 36', 25, 'default.png', 119, '2026-01-14', 1, NULL, 0),
(37, '–Ґ–Њ–≤–∞—А 37', 22, 'default.png', 215, '2026-01-14', 2, NULL, 0),
(38, '–Ґ–Њ–≤–∞—А 38', 11, 'default.png', 754, '2026-01-14', 1, NULL, 0),
(39, '–Ґ–Њ–≤–∞—А 39', 6, 'default.png', 523, '2026-01-14', 2, NULL, 0),
(40, '–Ґ–Њ–≤–∞—А 40', 17, 'default.png', 293, '2026-01-14', 1, NULL, 0),
(41, '–Ґ–Њ–≤–∞—А 41', 7, 'default.png', 243, '2026-01-14', 2, NULL, 0),
(42, '–Ґ–Њ–≤–∞—А 42', 21, 'default.png', 907, '2026-01-14', 1, NULL, 0),
(43, '–Ґ–Њ–≤–∞—А 43', 22, 'default.png', 346, '2026-01-14', 2, NULL, 0),
(44, '–Ґ–Њ–≤–∞—А 44', 15, 'default.png', 817, '2026-01-14', 1, NULL, 0),
(45, '–Ґ–Њ–≤–∞—А 45', 21, 'default.png', 439, '2026-01-14', 2, NULL, 0),
(46, '–Ґ–Њ–≤–∞—А 46', 24, 'default.png', 169, '2026-01-14', 1, NULL, 0),
(47, '–Ґ–Њ–≤–∞—А 47', 18, 'default.png', 659, '2026-01-14', 2, NULL, 0),
(48, '–Ґ–Њ–≤–∞—А 48', 17, 'default.png', 930, '2026-01-14', 1, NULL, 0),
(49, '–Ґ–Њ–≤–∞—А 49', 30, 'default.png', 188, '2026-01-14', 2, NULL, 0),
(50, '–Ґ–Њ–≤–∞—А 50', 7, 'default.png', 742, '2026-01-14', 1, NULL, 0),
(51, '–Ґ–Њ–≤–∞—А 51', 18, 'default.png', 452, '2026-01-14', 2, NULL, 0),
(52, '–Ґ–Њ–≤–∞—А 52', 24, 'default.png', 110, '2026-01-14', 1, NULL, 0),
(53, '–Ґ–Њ–≤–∞—А 53', 7, 'default.png', 125, '2026-01-14', 2, NULL, 0),
(54, '–Ґ–Њ–≤–∞—А 54', 17, 'default.png', 626, '2026-01-14', 1, NULL, 0),
(55, '–Ґ–Њ–≤–∞—А 55', 16, 'default.png', 652, '2026-01-14', 2, NULL, 0),
(56, '–Ґ–Њ–≤–∞—А 56', 11, 'default.png', 633, '2026-01-14', 1, NULL, 0),
(57, '–Ґ–Њ–≤–∞—А 57', 13, 'default.png', 596, '2026-01-14', 2, NULL, 0),
(58, '–Ґ–Њ–≤–∞—А 58', 28, 'default.png', 645, '2026-01-14', 1, NULL, 0),
(59, '–Ґ–Њ–≤–∞—А 59', 10, 'default.png', 399, '2026-01-14', 2, NULL, 0),
(60, '–Ґ–Њ–≤–∞—А 60', 12, 'default.png', 43, '2026-01-14', 1, NULL, 0),
(61, '–Ґ–Њ–≤–∞—А 61', 22, 'default.png', 254, '2026-01-14', 2, NULL, 0),
(62, '–Ґ–Њ–≤–∞—А 62', 6, 'default.png', 196, '2026-01-14', 1, NULL, 0),
(63, '–Ґ–Њ–≤–∞—А 63', 19, 'default.png', 927, '2026-01-14', 2, NULL, 0),
(64, '–Ґ–Њ–≤–∞—А 64', 14, 'default.png', 838, '2026-01-14', 1, NULL, 0),
(65, '–Ґ–Њ–≤–∞—А 65', 20, 'default.png', 205, '2026-01-14', 2, NULL, 0),
(66, '–Ґ–Њ–≤–∞—А 66', 13, 'default.png', 418, '2026-01-14', 1, NULL, 0),
(67, '–Ґ–Њ–≤–∞—А 67', 6, 'default.png', 126, '2026-01-14', 2, NULL, 0),
(68, '–Ґ–Њ–≤–∞—А 68', 11, 'default.png', 684, '2026-01-14', 1, NULL, 0),
(69, '–Ґ–Њ–≤–∞—А 69', 30, 'default.png', 839, '2026-01-14', 2, NULL, 0),
(70, '–Ґ–Њ–≤–∞—А 70', 5, 'default.png', 339, '2026-01-14', 1, NULL, 0),
(71, '–Ґ–Њ–≤–∞—А 71', 10, 'default.png', 560, '2026-01-14', 2, NULL, 0),
(72, '–Ґ–Њ–≤–∞—А 72', 20, 'default.png', 52, '2026-01-14', 1, NULL, 0),
(73, '–Ґ–Њ–≤–∞—А 73', 15, 'default.png', 979, '2026-01-14', 2, NULL, 0),
(74, '–Ґ–Њ–≤–∞—А 74', 29, 'default.png', 517, '2026-01-14', 1, NULL, 0),
(75, '–Ґ–Њ–≤–∞—А 75', 17, 'default.png', 413, '2026-01-14', 2, NULL, 0),
(76, '–Ґ–Њ–≤–∞—А 76', 11, 'default.png', 270, '2026-01-14', 1, NULL, 0),
(77, '–Ґ–Њ–≤–∞—А 77', 24, 'default.png', 290, '2026-01-14', 2, NULL, 0),
(78, '–Ґ–Њ–≤–∞—А 78', 9, 'default.png', 260, '2026-01-14', 1, NULL, 0),
(79, '–Ґ–Њ–≤–∞—А 79', 13, 'default.png', 901, '2026-01-14', 2, NULL, 0),
(80, '–Ґ–Њ–≤–∞—А 80', 6, 'default.png', 877, '2026-01-14', 1, NULL, 0),
(81, '–Ґ–Њ–≤–∞—А 81', 24, 'default.png', 470, '2026-01-14', 2, NULL, 0),
(82, '–Ґ–Њ–≤–∞—А 82', 15, 'default.png', 694, '2026-01-14', 1, NULL, 0),
(83, '–Ґ–Њ–≤–∞—А 83', 30, 'default.png', 103, '2026-01-14', 2, NULL, 0),
(84, '–Ґ–Њ–≤–∞—А 84', 22, 'default.png', 797, '2026-01-14', 1, NULL, 0),
(85, '–Ґ–Њ–≤–∞—А 85', 25, 'default.png', 332, '2026-01-14', 2, NULL, 0),
(86, '–Ґ–Њ–≤–∞—А 86', 27, 'default.png', 657, '2026-01-14', 1, NULL, 0),
(87, '–Ґ–Њ–≤–∞—А 87', 8, 'default.png', 421, '2026-01-14', 2, NULL, 0),
(88, '–Ґ–Њ–≤–∞—А 88', 21, 'default.png', 586, '2026-01-14', 1, NULL, 0),
(89, '–Ґ–Њ–≤–∞—А 89', 18, 'default.png', 16, '2026-01-14', 2, NULL, 0),
(90, '–Ґ–Њ–≤–∞—А 90', 22, 'default.png', 257, '2026-01-14', 1, NULL, 0),
(91, '–Ґ–Њ–≤–∞—А 91', 6, 'default.png', 487, '2026-01-14', 2, NULL, 0),
(92, '–Ґ–Њ–≤–∞—А 92', 29, 'default.png', 79, '2026-01-14', 1, NULL, 0),
(93, '–Ґ–Њ–≤–∞—А 93', 18, 'default.png', 685, '2026-01-14', 2, NULL, 0),
(94, '–Ґ–Њ–≤–∞—А 94', 19, 'default.png', 218, '2026-01-14', 1, NULL, 0),
(95, '–Ґ–Њ–≤–∞—А 95', 9, 'default.png', 820, '2026-01-14', 2, NULL, 0),
(96, '–Ґ–Њ–≤–∞—А 96', 26, 'default.png', 334, '2026-01-14', 1, NULL, 0),
(97, '–Ґ–Њ–≤–∞—А 97', 5, 'default.png', 922, '2026-01-14', 2, NULL, 0),
(98, '–Ґ–Њ–≤–∞—А 98', 11, 'default.png', 250, '2026-01-14', 1, NULL, 0),
(99, '–Ґ–Њ–≤–∞—А 99', 12, 'default.png', 461, '2026-01-14', 2, NULL, 0),
(100, '–Ґ–Њ–≤–∞—А 100', 6, 'default.png', 425, '2026-01-14', 1, NULL, 0),
(101, '–Ґ–Њ–≤–∞—А 101', 28, 'default.png', 620, '2026-01-14', 2, NULL, 0),
(102, '–Ґ–Њ–≤–∞—А 102', 10, 'default.png', 224, '2026-01-14', 1, NULL, 0),
(103, '–Ґ–Њ–≤–∞—А 103', 13, 'default.png', 36, '2026-01-14', 2, NULL, 0),
(104, '–Ґ–Њ–≤–∞—А 104', 6, 'default.png', 787, '2026-01-14', 1, NULL, 0),
(105, '–Ґ–Њ–≤–∞—А 105', 19, 'default.png', 692, '2026-01-14', 2, NULL, 0),
(106, '–Ґ–Њ–≤–∞—А 106', 7, 'default.png', 990, '2026-01-14', 1, NULL, 0),
(107, '–Ґ–Њ–≤–∞—А 107', 6, 'default.png', 639, '2026-01-14', 2, NULL, 0),
(108, '–Ґ–Њ–≤–∞—А 108', 22, 'default.png', 60, '2026-01-14', 1, NULL, 0),
(109, '–Ґ–Њ–≤–∞—А 109', 22, 'default.png', 726, '2026-01-14', 2, NULL, 0),
(110, '–Ґ–Њ–≤–∞—А 110', 8, 'default.png', 191, '2026-01-14', 1, NULL, 0),
(111, '–Ґ–Њ–≤–∞—А 111', 6, 'default.png', 147, '2026-01-14', 2, NULL, 0),
(112, '–Ґ–Њ–≤–∞—А 112', 12, 'default.png', 375, '2026-01-14', 1, NULL, 0),
(113, '–Ґ–Њ–≤–∞—А 113', 6, 'default.png', 206, '2026-01-14', 2, NULL, 0),
(114, '–Ґ–Њ–≤–∞—А 114', 12, 'default.png', 77, '2026-01-14', 1, NULL, 0),
(115, '–Ґ–Њ–≤–∞—А 115', 8, 'default.png', 146, '2026-01-14', 2, NULL, 0),
(116, '–Ґ–Њ–≤–∞—А 116', 18, 'default.png', 26, '2026-01-14', 1, NULL, 0),
(117, '–Ґ–Њ–≤–∞—А 117', 15, 'default.png', 376, '2026-01-14', 2, NULL, 0),
(118, '–Ґ–Њ–≤–∞—А 118', 17, 'default.png', 69, '2026-01-14', 1, NULL, 0),
(119, '–Ґ–Њ–≤–∞—А 119', 6, 'default.png', 73, '2026-01-14', 2, NULL, 0),
(120, '–Ґ–Њ–≤–∞—А 120', 21, 'default.png', 339, '2026-01-14', 1, NULL, 0),
(121, '–Ґ–Њ–≤–∞—А 121', 17, 'default.png', 52, '2026-01-14', 2, NULL, 0),
(122, '–Ґ–Њ–≤–∞—А 122', 15, 'default.png', 352, '2026-01-14', 1, NULL, 0),
(123, '–Ґ–Њ–≤–∞—А 123', 8, 'default.png', 701, '2026-01-14', 2, NULL, 0),
(124, '–Ґ–Њ–≤–∞—А 124', 17, 'default.png', 803, '2026-01-14', 1, NULL, 0),
(125, '–Ґ–Њ–≤–∞—А 125', 9, 'default.png', 590, '2026-01-14', 2, NULL, 0),
(126, '–Ґ–Њ–≤–∞—А 126', 21, 'default.png', 458, '2026-01-14', 1, NULL, 0),
(127, '–Ґ–Њ–≤–∞—А 127', 28, 'default.png', 256, '2026-01-14', 2, NULL, 0),
(128, '–Ґ–Њ–≤–∞—А 128', 8, 'default.png', 344, '2026-01-14', 1, NULL, 0),
(129, '–Ґ–Њ–≤–∞—А 129', 18, 'default.png', 720, '2026-01-14', 2, NULL, 0),
(130, '–Ґ–Њ–≤–∞—А 130', 7, 'default.png', 551, '2026-01-14', 1, NULL, 0),
(131, '–Ґ–Њ–≤–∞—А 131', 26, 'default.png', 546, '2026-01-14', 2, NULL, 0),
(132, '–Ґ–Њ–≤–∞—А 132', 30, 'default.png', 654, '2026-01-14', 1, NULL, 0),
(133, '–Ґ–Њ–≤–∞—А 133', 29, 'default.png', 155, '2026-01-14', 2, NULL, 0),
(134, '–Ґ–Њ–≤–∞—А 134', 27, 'default.png', 324, '2026-01-14', 1, NULL, 0),
(135, '–Ґ–Њ–≤–∞—А 135', 12, 'default.png', 116, '2026-01-14', 2, NULL, 0),
(136, '–Ґ–Њ–≤–∞—А 136', 30, 'default.png', 532, '2026-01-14', 1, NULL, 0),
(137, '–Ґ–Њ–≤–∞—А 137', 10, 'default.png', 506, '2026-01-14', 2, NULL, 0),
(138, '–Ґ–Њ–≤–∞—А 138', 24, 'default.png', 474, '2026-01-14', 1, NULL, 0),
(139, '–Ґ–Њ–≤–∞—А 139', 9, 'default.png', 888, '2026-01-14', 2, NULL, 0),
(140, '–Ґ–Њ–≤–∞—А 140', 16, 'default.png', 129, '2026-01-14', 1, NULL, 0),
(141, '–Ґ–Њ–≤–∞—А 141', 29, 'default.png', 440, '2026-01-14', 2, NULL, 0),
(142, '–Ґ–Њ–≤–∞—А 142', 16, 'default.png', 16, '2026-01-14', 1, NULL, 0),
(143, '–Ґ–Њ–≤–∞—А 143', 26, 'default.png', 463, '2026-01-14', 2, NULL, 0),
(144, '–Ґ–Њ–≤–∞—А 144', 28, 'default.png', 850, '2026-01-14', 1, NULL, 0),
(145, '–Ґ–Њ–≤–∞—А 145', 6, 'default.png', 315, '2026-01-14', 2, NULL, 0),
(146, '–Ґ–Њ–≤–∞—А 146', 25, 'default.png', 72, '2026-01-14', 1, NULL, 0),
(147, '–Ґ–Њ–≤–∞—А 147', 20, 'default.png', 253, '2026-01-14', 2, NULL, 0),
(148, '–Ґ–Њ–≤–∞—А 148', 11, 'default.png', 929, '2026-01-14', 1, NULL, 0),
(149, '–Ґ–Њ–≤–∞—А 149', 18, 'default.png', 100, '2026-01-14', 2, NULL, 0),
(150, '–Ґ–Њ–≤–∞—А 150', 5, 'default.png', 698, '2026-01-14', 1, NULL, 0),
(151, '–Ґ–Њ–≤–∞—А 151', 19, 'default.png', 813, '2026-01-14', 2, NULL, 0),
(152, '–Ґ–Њ–≤–∞—А 152', 23, 'default.png', 377, '2026-01-14', 1, NULL, 0),
(153, '–Ґ–Њ–≤–∞—А 153', 30, 'default.png', 160, '2026-01-14', 2, NULL, 0),
(154, '–Ґ–Њ–≤–∞—А 154', 10, 'default.png', 375, '2026-01-14', 1, NULL, 0),
(155, '–Ґ–Њ–≤–∞—А 155', 26, 'default.png', 967, '2026-01-14', 2, NULL, 0),
(156, '–Ґ–Њ–≤–∞—А 156', 13, 'default.png', 732, '2026-01-14', 1, NULL, 0),
(157, '–Ґ–Њ–≤–∞—А 157', 10, 'default.png', 268, '2026-01-14', 2, NULL, 0),
(158, '–Ґ–Њ–≤–∞—А 158', 20, 'default.png', 765, '2026-01-14', 1, NULL, 0),
(159, '–Ґ–Њ–≤–∞—А 159', 7, 'default.png', 289, '2026-01-14', 2, NULL, 0),
(160, '–Ґ–Њ–≤–∞—А 160', 6, 'default.png', 270, '2026-01-14', 1, NULL, 0),
(161, '–Ґ–Њ–≤–∞—А 161', 29, 'default.png', 419, '2026-01-14', 2, NULL, 0),
(162, '–Ґ–Њ–≤–∞—А 162', 8, 'default.png', 597, '2026-01-14', 1, NULL, 0),
(163, '–Ґ–Њ–≤–∞—А 163', 5, 'default.png', 527, '2026-01-14', 2, NULL, 0),
(164, '–Ґ–Њ–≤–∞—А 164', 16, 'default.png', 257, '2026-01-14', 1, NULL, 0),
(165, '–Ґ–Њ–≤–∞—А 165', 28, 'default.png', 766, '2026-01-14', 2, NULL, 0),
(166, '–Ґ–Њ–≤–∞—А 166', 22, 'default.png', 802, '2026-01-14', 1, NULL, 0),
(167, '–Ґ–Њ–≤–∞—А 167', 25, 'default.png', 531, '2026-01-14', 2, NULL, 0),
(168, '–Ґ–Њ–≤–∞—А 168', 20, 'default.png', 133, '2026-01-14', 1, NULL, 0),
(169, '–Ґ–Њ–≤–∞—А 169', 6, 'default.png', 221, '2026-01-14', 2, NULL, 0),
(170, '–Ґ–Њ–≤–∞—А 170', 10, 'default.png', 579, '2026-01-14', 1, NULL, 0),
(171, '–Ґ–Њ–≤–∞—А 171', 13, 'default.png', 539, '2026-01-14', 2, NULL, 0),
(172, '–Ґ–Њ–≤–∞—А 172', 25, 'default.png', 981, '2026-01-14', 1, NULL, 0),
(173, '–Ґ–Њ–≤–∞—А 173', 20, 'default.png', 494, '2026-01-14', 2, NULL, 0),
(174, '–Ґ–Њ–≤–∞—А 174', 17, 'default.png', 796, '2026-01-14', 1, NULL, 0),
(175, '–Ґ–Њ–≤–∞—А 175', 10, 'default.png', 155, '2026-01-14', 2, NULL, 0),
(176, '–Ґ–Њ–≤–∞—А 176', 16, 'default.png', 493, '2026-01-14', 1, NULL, 0),
(177, '–Ґ–Њ–≤–∞—А 177', 10, 'default.png', 368, '2026-01-14', 2, NULL, 0),
(178, '–Ґ–Њ–≤–∞—А 178', 29, 'default.png', 166, '2026-01-14', 1, NULL, 0),
(179, '–Ґ–Њ–≤–∞—А 179', 24, 'default.png', 261, '2026-01-14', 2, NULL, 0),
(180, '–Ґ–Њ–≤–∞—А 180', 15, 'default.png', 368, '2026-01-14', 1, NULL, 0),
(181, '–Ґ–Њ–≤–∞—А 181', 10, 'default.png', 751, '2026-01-14', 2, NULL, 0),
(182, '–Ґ–Њ–≤–∞—А 182', 14, 'default.png', 531, '2026-01-14', 1, NULL, 0),
(183, '–Ґ–Њ–≤–∞—А 183', 23, 'default.png', 854, '2026-01-14', 2, NULL, 0),
(184, '–Ґ–Њ–≤–∞—А 184', 16, 'default.png', 679, '2026-01-14', 1, NULL, 0),
(185, '–Ґ–Њ–≤–∞—А 185', 5, 'default.png', 647, '2026-01-14', 2, NULL, 0),
(186, '–Ґ–Њ–≤–∞—А 186', 27, 'default.png', 125, '2026-01-14', 1, NULL, 0),
(187, '–Ґ–Њ–≤–∞—А 187', 5, 'default.png', 418, '2026-01-14', 2, NULL, 0),
(188, '–Ґ–Њ–≤–∞—А 188', 18, 'default.png', 658, '2026-01-14', 1, NULL, 0),
(189, '–Ґ–Њ–≤–∞—А 189', 18, 'default.png', 446, '2026-01-14', 2, NULL, 0),
(190, '–Ґ–Њ–≤–∞—А 190', 21, 'default.png', 953, '2026-01-14', 1, NULL, 0),
(191, '–Ґ–Њ–≤–∞—А 191', 20, 'default.png', 322, '2026-01-14', 2, NULL, 0),
(192, '–Ґ–Њ–≤–∞—А 192', 11, 'default.png', 102, '2026-01-14', 1, NULL, 0),
(193, '–Ґ–Њ–≤–∞—А 193', 29, 'default.png', 592, '2026-01-14', 2, NULL, 0),
(194, '–Ґ–Њ–≤–∞—А 194', 18, 'default.png', 372, '2026-01-14', 1, NULL, 0),
(195, '–Ґ–Њ–≤–∞—А 195', 19, 'default.png', 162, '2026-01-14', 2, NULL, 0),
(196, '–Ґ–Њ–≤–∞—А 196', 6, 'default.png', 562, '2026-01-14', 1, NULL, 0),
(197, '–Ґ–Њ–≤–∞—А 197', 5, 'default.png', 241, '2026-01-14', 2, NULL, 0),
(198, '–Ґ–Њ–≤–∞—А 198', 9, 'default.png', 644, '2026-01-14', 1, NULL, 0),
(199, '–Ґ–Њ–≤–∞—А 199', 13, 'default.png', 413, '2026-01-14', 2, NULL, 0),
(200, '–Ґ–Њ–≤–∞—А 200', 20, 'default.png', 137, '2026-01-14', 1, NULL, 0),
(201, '–Ґ–Њ–≤–∞—А 201', 18, 'default.png', 798, '2026-01-14', 2, NULL, 0),
(202, '–Ґ–Њ–≤–∞—А 202', 5, 'default.png', 531, '2026-01-14', 1, NULL, 0),
(203, '–Ґ–Њ–≤–∞—А 203', 11, 'default.png', 45, '2026-01-14', 2, NULL, 0),
(204, '–Ґ–Њ–≤–∞—А 204', 14, 'default.png', 847, '2026-01-14', 1, NULL, 0),
(205, '–Ґ–Њ–≤–∞—А 205', 27, 'default.png', 229, '2026-01-14', 2, NULL, 0),
(206, '–Ґ–Њ–≤–∞—А 206', 13, 'default.png', 962, '2026-01-14', 1, NULL, 0),
(207, '–Ґ–Њ–≤–∞—А 207', 12, 'default.png', 95, '2026-01-14', 2, NULL, 0),
(208, '–Ґ–Њ–≤–∞—А 208', 16, 'default.png', 334, '2026-01-14', 1, NULL, 0),
(209, '–Ґ–Њ–≤–∞—А 209', 6, 'default.png', 88, '2026-01-14', 2, NULL, 0),
(210, '–Ґ–Њ–≤–∞—А 210', 18, 'default.png', 774, '2026-01-14', 1, NULL, 0),
(211, '–Ґ–Њ–≤–∞—А 211', 22, 'default.png', 787, '2026-01-14', 2, NULL, 0),
(212, '–Ґ–Њ–≤–∞—А 212', 12, 'default.png', 91, '2026-01-14', 1, NULL, 0),
(213, '–Ґ–Њ–≤–∞—А 213', 7, 'default.png', 425, '2026-01-14', 2, NULL, 0),
(214, '–Ґ–Њ–≤–∞—А 214', 22, 'default.png', 810, '2026-01-14', 1, NULL, 0),
(215, '–Ґ–Њ–≤–∞—А 215', 7, 'default.png', 996, '2026-01-14', 2, NULL, 0),
(216, '–Ґ–Њ–≤–∞—А 216', 21, 'default.png', 904, '2026-01-14', 1, NULL, 0),
(217, '–Ґ–Њ–≤–∞—А 217', 25, 'default.png', 580, '2026-01-14', 2, NULL, 0),
(218, '–Ґ–Њ–≤–∞—А 218', 7, 'default.png', 513, '2026-01-14', 1, NULL, 0),
(219, '–Ґ–Њ–≤–∞—А 219', 29, 'default.png', 371, '2026-01-14', 2, NULL, 0),
(220, '–Ґ–Њ–≤–∞—А 220', 13, 'default.png', 23, '2026-01-14', 1, NULL, 0),
(221, '–Ґ–Њ–≤–∞—А 221', 15, 'default.png', 614, '2026-01-14', 2, NULL, 0),
(222, '–Ґ–Њ–≤–∞—А 222', 19, 'default.png', 686, '2026-01-14', 1, NULL, 0),
(223, '–Ґ–Њ–≤–∞—А 223', 24, 'default.png', 980, '2026-01-14', 2, NULL, 0),
(224, '–Ґ–Њ–≤–∞—А 224', 30, 'default.png', 662, '2026-01-14', 1, NULL, 0),
(225, '–Ґ–Њ–≤–∞—А 225', 8, 'default.png', 716, '2026-01-14', 2, NULL, 0),
(226, '–Ґ–Њ–≤–∞—А 226', 15, 'default.png', 433, '2026-01-14', 1, NULL, 0),
(227, '–Ґ–Њ–≤–∞—А 227', 17, 'default.png', 176, '2026-01-14', 2, NULL, 0),
(228, '–Ґ–Њ–≤–∞—А 228', 11, 'default.png', 839, '2026-01-14', 1, NULL, 0),
(229, '–Ґ–Њ–≤–∞—А 229', 14, 'default.png', 834, '2026-01-14', 2, NULL, 0),
(230, '–Ґ–Њ–≤–∞—А 230', 14, 'default.png', 11, '2026-01-14', 1, NULL, 0),
(231, '–Ґ–Њ–≤–∞—А 231', 14, 'default.png', 839, '2026-01-14', 2, NULL, 0),
(232, '–Ґ–Њ–≤–∞—А 232', 18, 'default.png', 152, '2026-01-14', 1, NULL, 0),
(233, '–Ґ–Њ–≤–∞—А 233', 15, 'default.png', 137, '2026-01-14', 2, NULL, 0),
(234, '–Ґ–Њ–≤–∞—А 234', 9, 'default.png', 653, '2026-01-14', 1, NULL, 0),
(235, '–Ґ–Њ–≤–∞—А 235', 7, 'default.png', 248, '2026-01-14', 2, NULL, 0),
(236, '–Ґ–Њ–≤–∞—А 236', 11, 'default.png', 626, '2026-01-14', 1, NULL, 0),
(237, '–Ґ–Њ–≤–∞—А 237', 9, 'default.png', 695, '2026-01-14', 2, NULL, 0),
(238, '–Ґ–Њ–≤–∞—А 238', 19, 'default.png', 151, '2026-01-14', 1, NULL, 0),
(239, '–Ґ–Њ–≤–∞—А 239', 25, 'default.png', 467, '2026-01-14', 2, NULL, 0),
(240, '–Ґ–Њ–≤–∞—А 240', 16, 'default.png', 560, '2026-01-14', 1, NULL, 0),
(241, '–Ґ–Њ–≤–∞—А 241', 18, 'default.png', 36, '2026-01-14', 2, NULL, 0),
(242, '–Ґ–Њ–≤–∞—А 242', 17, 'default.png', 286, '2026-01-14', 1, NULL, 0),
(243, '–Ґ–Њ–≤–∞—А 243', 15, 'default.png', 492, '2026-01-14', 2, NULL, 0),
(244, '–Ґ–Њ–≤–∞—А 244', 18, 'default.png', 507, '2026-01-14', 1, NULL, 0),
(245, '–Ґ–Њ–≤–∞—А 245', 28, 'default.png', 614, '2026-01-14', 2, NULL, 0),
(246, '–Ґ–Њ–≤–∞—А 246', 23, 'default.png', 743, '2026-01-14', 1, NULL, 0),
(247, '–Ґ–Њ–≤–∞—А 247', 13, 'default.png', 212, '2026-01-14', 2, NULL, 0),
(248, '–Ґ–Њ–≤–∞—А 248', 28, 'default.png', 317, '2026-01-14', 1, NULL, 0),
(249, '–Ґ–Њ–≤–∞—А 249', 16, 'default.png', 586, '2026-01-14', 2, NULL, 0),
(250, '–Ґ–Њ–≤–∞—А 250', 24, 'default.png', 365, '2026-01-14', 1, NULL, 0),
(251, '–Ґ–Њ–≤–∞—А 251', 24, 'default.png', 43, '2026-01-14', 2, NULL, 0),
(252, '–Ґ–Њ–≤–∞—А 252', 29, 'default.png', 151, '2026-01-14', 1, NULL, 0),
(253, '–Ґ–Њ–≤–∞—А 253', 7, 'default.png', 718, '2026-01-14', 2, NULL, 0),
(254, '–Ґ–Њ–≤–∞—А 254', 25, 'default.png', 314, '2026-01-14', 1, NULL, 0),
(255, '–Ґ–Њ–≤–∞—А 255', 20, 'default.png', 721, '2026-01-14', 2, NULL, 0),
(256, '–Ґ–Њ–≤–∞—А 256', 18, 'default.png', 763, '2026-01-14', 1, NULL, 0),
(257, '–Ґ–Њ–≤–∞—А 257', 30, 'default.png', 229, '2026-01-14', 2, NULL, 0),
(258, '–Ґ–Њ–≤–∞—А 258', 25, 'default.png', 77, '2026-01-14', 1, NULL, 0),
(259, '–Ґ–Њ–≤–∞—А 259', 27, 'default.png', 625, '2026-01-14', 2, NULL, 0),
(260, '–Ґ–Њ–≤–∞—А 260', 17, 'default.png', 336, '2026-01-14', 1, NULL, 0),
(261, '–Ґ–Њ–≤–∞—А 261', 17, 'default.png', 102, '2026-01-14', 2, NULL, 0),
(262, '–Ґ–Њ–≤–∞—А 262', 27, 'default.png', 325, '2026-01-14', 1, NULL, 0),
(263, '–Ґ–Њ–≤–∞—А 263', 23, 'default.png', 891, '2026-01-14', 2, NULL, 0),
(264, '–Ґ–Њ–≤–∞—А 264', 18, 'default.png', 203, '2026-01-14', 1, NULL, 0),
(265, '–Ґ–Њ–≤–∞—А 265', 24, 'default.png', 644, '2026-01-14', 2, NULL, 0),
(266, '–Ґ–Њ–≤–∞—А 266', 19, 'default.png', 186, '2026-01-14', 1, NULL, 0),
(267, '–Ґ–Њ–≤–∞—А 267', 24, 'default.png', 953, '2026-01-14', 2, NULL, 0),
(268, '–Ґ–Њ–≤–∞—А 268', 13, 'default.png', 483, '2026-01-14', 1, NULL, 0),
(269, '–Ґ–Њ–≤–∞—А 269', 15, 'default.png', 741, '2026-01-14', 2, NULL, 0),
(270, '–Ґ–Њ–≤–∞—А 270', 29, 'default.png', 381, '2026-01-14', 1, NULL, 0),
(271, '–Ґ–Њ–≤–∞—А 271', 24, 'default.png', 972, '2026-01-14', 2, NULL, 0),
(272, '–Ґ–Њ–≤–∞—А 272', 10, 'default.png', 257, '2026-01-14', 1, NULL, 0),
(273, '–Ґ–Њ–≤–∞—А 273', 20, 'default.png', 898, '2026-01-14', 2, NULL, 0),
(274, '–Ґ–Њ–≤–∞—А 274', 28, 'default.png', 259, '2026-01-14', 1, NULL, 0),
(275, '–Ґ–Њ–≤–∞—А 275', 27, 'default.png', 106, '2026-01-14', 2, NULL, 0),
(276, '–Ґ–Њ–≤–∞—А 276', 30, 'default.png', 379, '2026-01-14', 1, NULL, 0),
(277, '–Ґ–Њ–≤–∞—А 277', 22, 'default.png', 758, '2026-01-14', 2, NULL, 0),
(278, '–Ґ–Њ–≤–∞—А 278', 16, 'default.png', 79, '2026-01-14', 1, NULL, 0),
(279, '–Ґ–Њ–≤–∞—А 279', 11, 'default.png', 500, '2026-01-14', 2, NULL, 0),
(280, '–Ґ–Њ–≤–∞—А 280', 15, 'default.png', 261, '2026-01-14', 1, NULL, 0),
(281, '–Ґ–Њ–≤–∞—А 281', 15, 'default.png', 820, '2026-01-14', 2, NULL, 0),
(282, '–Ґ–Њ–≤–∞—А 282', 6, 'default.png', 731, '2026-01-14', 1, NULL, 0),
(283, '–Ґ–Њ–≤–∞—А 283', 18, 'default.png', 456, '2026-01-14', 2, NULL, 0),
(284, '–Ґ–Њ–≤–∞—А 284', 15, 'default.png', 207, '2026-01-14', 1, NULL, 0),
(285, '–Ґ–Њ–≤–∞—А 285', 16, 'default.png', 648, '2026-01-14', 2, NULL, 0),
(286, '–Ґ–Њ–≤–∞—А 286', 15, 'default.png', 371, '2026-01-14', 1, NULL, 0),
(287, '–Ґ–Њ–≤–∞—А 287', 13, 'default.png', 582, '2026-01-14', 2, NULL, 0),
(288, '–Ґ–Њ–≤–∞—А 288', 24, 'default.png', 728, '2026-01-14', 1, NULL, 0),
(289, '–Ґ–Њ–≤–∞—А 289', 30, 'default.png', 230, '2026-01-14', 2, NULL, 0),
(290, '–Ґ–Њ–≤–∞—А 290', 5, 'default.png', 689, '2026-01-14', 1, NULL, 0),
(291, '–Ґ–Њ–≤–∞—А 291', 21, 'default.png', 296, '2026-01-14', 2, NULL, 0),
(292, '–Ґ–Њ–≤–∞—А 292', 20, 'default.png', 222, '2026-01-14', 1, NULL, 0),
(293, '–Ґ–Њ–≤–∞—А 293', 24, 'default.png', 555, '2026-01-14', 2, NULL, 0),
(294, '–Ґ–Њ–≤–∞—А 294', 19, 'default.png', 356, '2026-01-14', 1, NULL, 0),
(295, '–Ґ–Њ–≤–∞—А 295', 19, 'default.png', 914, '2026-01-14', 2, NULL, 0),
(296, '–Ґ–Њ–≤–∞—А 296', 28, 'default.png', 938, '2026-01-14', 1, NULL, 0),
(297, '–Ґ–Њ–≤–∞—А 297', 9, 'default.png', 343, '2026-01-14', 2, NULL, 0),
(298, '–Ґ–Њ–≤–∞—А 298', 24, 'default.png', 883, '2026-01-14', 1, NULL, 0),
(299, '–Ґ–Њ–≤–∞—А 299', 26, 'default.png', 585, '2026-01-14', 2, NULL, 0),
(300, '–Ґ–Њ–≤–∞—А 300', 21, 'default.png', 357, '2026-01-14', 1, NULL, 0),
(301, '123', 20, 'default.png', 101, '2026-01-14', 2, NULL, 0),
(302, '123', 27, 'default.png', 43, '2026-01-14', 1, NULL, 0),
(303, '123', 16, 'default.png', 102, '2026-01-14', 2, NULL, 0),
(304, '123', 10, 'default.png', 175, '2026-01-14', 1, NULL, 0),
(305, '123', 24, 'default.png', 756, '2026-01-14', 2, NULL, 0),
(306, '123', 9, 'default.png', 826, '2026-01-14', 1, NULL, 0),
(307, '123', 21, 'default.png', 368, '2026-01-14', 2, NULL, 0),
(308, '123', 12, 'default.png', 130, '2026-01-14', 1, NULL, 0),
(309, '123', 24, 'default.png', 994, '2026-01-14', 2, NULL, 0),
(310, '123', 17, 'default.png', 766, '2026-01-14', 1, NULL, 0),
(311, '123', 19, 'default.png', 945, '2026-01-14', 2, NULL, 0),
(312, '123', 9, 'default.png', 64, '2026-01-14', 1, NULL, 0),
(313, '123', 28, 'default.png', 485, '2026-01-14', 2, NULL, 0),
(314, '123', 15, 'default.png', 284, '2026-01-14', 1, NULL, 0),
(315, '123', 27, 'default.png', 767, '2026-01-14', 2, NULL, 0),
(316, '123', 27, 'default.png', 452, '2026-01-14', 1, NULL, 0),
(317, '123', 28, 'default.png', 163, '2026-01-14', 2, NULL, 0),
(318, '123', 5, 'default.png', 687, '2026-01-14', 1, NULL, 0),
(319, '123', 9, 'default.png', 337, '2026-01-14', 2, NULL, 0),
(320, '123', 30, 'default.png', 258, '2026-01-14', 1, NULL, 0),
(321, '123', 7, 'default.png', 301, '2026-01-14', 2, NULL, 0),
(322, '123', 23, 'default.png', 570, '2026-01-14', 1, NULL, 0),
(323, '123', 10, 'default.png', 594, '2026-01-14', 2, NULL, 0),
(324, '123', 5, 'default.png', 824, '2026-01-14', 1, NULL, 0),
(325, '123', 19, 'default.png', 86, '2026-01-14', 2, NULL, 0),
(326, '123', 20, 'default.png', 146, '2026-01-14', 1, NULL, 0),
(327, '123', 7, 'default.png', 97, '2026-01-14', 2, NULL, 0),
(328, '123', 6, 'default.png', 229, '2026-01-14', 1, NULL, 0),
(329, '123', 21, 'default.png', 431, '2026-01-14', 2, NULL, 0),
(330, '123', 11, 'default.png', 706, '2026-01-14', 1, NULL, 0),
(331, '123', 22, 'default.png', 229, '2026-01-14', 2, NULL, 0),
(332, '123', 26, 'default.png', 541, '2026-01-14', 1, NULL, 0),
(333, '123', 13, 'default.png', 960, '2026-01-14', 2, NULL, 0),
(334, '123', 12, 'default.png', 931, '2026-01-14', 1, NULL, 0),
(335, '123', 12, 'default.png', 811, '2026-01-14', 2, NULL, 0),
(336, '123', 10, 'default.png', 797, '2026-01-14', 1, NULL, 0),
(337, '123', 11, 'default.png', 337, '2026-01-14', 2, NULL, 0),
(338, '123', 9, 'default.png', 505, '2026-01-14', 1, NULL, 0),
(339, '123', 20, 'default.png', 358, '2026-01-14', 2, NULL, 0),
(340, '123', 8, 'default.png', 445, '2026-01-14', 1, NULL, 0),
(341, '123', 10, 'default.png', 224, '2026-01-14', 2, NULL, 0),
(342, '123', 28, 'default.png', 154, '2026-01-14', 1, NULL, 0),
(343, '123', 17, 'default.png', 286, '2026-01-14', 2, NULL, 0),
(344, '123', 9, 'default.png', 120, '2026-01-14', 1, NULL, 0),
(345, '123', 25, 'default.png', 892, '2026-01-14', 2, NULL, 0),
(346, '123', 12, 'default.png', 890, '2026-01-14', 1, NULL, 0),
(347, '123', 22, 'default.png', 74, '2026-01-14', 2, NULL, 0),
(348, '123', 9, 'default.png', 843, '2026-01-14', 1, NULL, 0),
(349, '123', 26, 'default.png', 981, '2026-01-14', 2, NULL, 0),
(350, '123', 21, 'default.png', 483, '2026-01-14', 1, NULL, 0),
(351, '123', 17, 'default.png', 69, '2026-01-14', 2, NULL, 0),
(352, '123', 19, 'default.png', 153, '2026-01-14', 1, NULL, 0),
(353, '123', 13, 'default.png', 825, '2026-01-14', 2, NULL, 0),
(354, '123', 8, 'default.png', 993, '2026-01-14', 1, NULL, 0),
(355, '123', 23, 'default.png', 620, '2026-01-14', 2, NULL, 0),
(356, '123', 14, 'default.png', 672, '2026-01-14', 1, NULL, 0),
(357, '123', 18, 'default.png', 963, '2026-01-14', 2, NULL, 0),
(358, '123', 28, 'default.png', 240, '2026-01-14', 1, NULL, 0),
(359, '123', 20, 'default.png', 540, '2026-01-14', 2, NULL, 0),
(360, '123', 21, 'default.png', 202, '2026-01-14', 1, NULL, 0),
(361, '123', 12, 'default.png', 18, '2026-01-14', 2, NULL, 0),
(362, '123', 11, 'default.png', 621, '2026-01-14', 1, NULL, 0),
(363, '123', 5, 'default.png', 489, '2026-01-14', 2, NULL, 0),
(364, '123', 6, 'default.png', 730, '2026-01-14', 1, NULL, 0),
(365, '123', 6, 'default.png', 683, '2026-01-14', 2, NULL, 0),
(366, '123', 5, 'default.png', 907, '2026-01-14', 1, NULL, 0),
(367, '123', 23, 'default.png', 806, '2026-01-14', 2, NULL, 0),
(368, '123', 28, 'default.png', 42, '2026-01-14', 1, NULL, 0),
(369, '123', 12, 'default.png', 353, '2026-01-14', 2, NULL, 0),
(370, '123', 6, 'default.png', 998, '2026-01-14', 1, NULL, 0),
(371, '123', 29, 'default.png', 859, '2026-01-14', 2, NULL, 0),
(372, '123', 29, 'default.png', 46, '2026-01-14', 1, NULL, 0),
(373, '123', 11, 'default.png', 778, '2026-01-14', 2, NULL, 0),
(374, '123', 18, 'default.png', 901, '2026-01-14', 1, NULL, 0),
(375, '123', 29, 'default.png', 293, '2026-01-14', 2, NULL, 0),
(376, '123', 21, 'default.png', 916, '2026-01-14', 1, NULL, 0),
(377, '123', 11, 'default.png', 228, '2026-01-14', 2, NULL, 0),
(378, '123', 26, 'default.png', 796, '2026-01-14', 1, NULL, 0),
(379, '123', 20, 'default.png', 291, '2026-01-14', 2, NULL, 0),
(380, '123', 22, 'default.png', 685, '2026-01-14', 1, NULL, 0),
(381, '123', 17, 'default.png', 356, '2026-01-14', 2, NULL, 0),
(382, '123', 26, 'default.png', 103, '2026-01-14', 1, NULL, 0),
(383, '123', 24, 'default.png', 626, '2026-01-14', 2, NULL, 0),
(384, '123', 24, 'default.png', 937, '2026-01-14', 1, NULL, 0),
(385, '123', 22, 'default.png', 483, '2026-01-14', 2, NULL, 0),
(386, '123', 11, 'default.png', 604, '2026-01-14', 1, NULL, 0),
(387, '123', 19, 'default.png', 943, '2026-01-14', 2, NULL, 0),
(388, '123', 13, 'default.png', 100, '2026-01-14', 1, NULL, 0),
(389, '123', 11, 'default.png', 869, '2026-01-14', 2, NULL, 0);

-- --------------------------------------------------------

--
-- –°—В—А—Г–Ї—В—Г—А–∞ —В–∞–±–ї–Є—Ж—Л `items_properties`
--

CREATE TABLE `items_properties` (
  `id_items_properties` int NOT NULL,
  `items_id_items_properties` int NOT NULL,
  `attributes_id_items_properties` int NOT NULL
) ENGINE=InnoDB DEFAULT CHARSET=utf8mb3;

-- --------------------------------------------------------

--
-- –°—В—А—Г–Ї—В—Г—А–∞ —В–∞–±–ї–Є—Ж—Л `items_type`
--

CREATE TABLE `items_type` (
  `id_items_type` int NOT NULL,
  `name_items_type` varchar(200) NOT NULL
) ENGINE=InnoDB DEFAULT CHARSET=utf8mb3;

--
-- –Ф–∞–Љ–њ –і–∞–љ–љ—Л—Е —В–∞–±–ї–Є—Ж—Л `items_type`
--

INSERT INTO `items_type` (`id_items_type`, `name_items_type`) VALUES
(1, '–Ю–±—Л—З–љ—Л–є'),
(2, '–°–ї–Њ–ґ–љ—Л–є'),
(3, '–°—А–µ–і–љ–Є–є');

-- --------------------------------------------------------

--
-- –°—В—А—Г–Ї—В—Г—А–∞ —В–∞–±–ї–Є—Ж—Л `orders`
--

CREATE TABLE `orders` (
  `id_orders` int NOT NULL,
  `status_id_orders` int NOT NULL,
  `users_id_orders` int NOT NULL,
  `datetime_buy_orders` datetime DEFAULT NULL,
  `datetime_receipt_orders` datetime DEFAULT NULL,
  `address_orders` varchar(255) CHARACTER SET utf8mb3 COLLATE utf8mb3_general_ci DEFAULT NULL,
  `note_orders` varchar(255) CHARACTER SET utf8mb3 COLLATE utf8mb3_general_ci DEFAULT NULL,
  `datetime_start_orders` datetime DEFAULT NULL,
  `datetime_end_orders` datetime DEFAULT NULL,
  `users_deliver_orders` int DEFAULT NULL
) ENGINE=InnoDB DEFAULT CHARSET=utf8mb3;

-- --------------------------------------------------------

--
-- –°—В—А—Г–Ї—В—Г—А–∞ —В–∞–±–ї–Є—Ж—Л `properties`
--

CREATE TABLE `properties` (
  `id_properties` int NOT NULL,
  `name_properties` varchar(255) NOT NULL
) ENGINE=InnoDB DEFAULT CHARSET=utf8mb3;

--
-- –Ф–∞–Љ–њ –і–∞–љ–љ—Л—Е —В–∞–±–ї–Є—Ж—Л `properties`
--

INSERT INTO `properties` (`id_properties`, `name_properties`) VALUES
(1, '–¶–≤–µ—В'),
(2, '–Р—А–±—Г–Ј');

-- --------------------------------------------------------

--
-- –°—В—А—Г–Ї—В—Г—А–∞ —В–∞–±–ї–Є—Ж—Л `status`
--

CREATE TABLE `status` (
  `id_status` int NOT NULL,
  `name_status` varchar(150) NOT NULL
) ENGINE=InnoDB DEFAULT CHARSET=utf8mb3;

--
-- –Ф–∞–Љ–њ –і–∞–љ–љ—Л—Е —В–∞–±–ї–Є—Ж—Л `status`
--

INSERT INTO `status` (`id_status`, `name_status`) VALUES
(1, '–Т –Ї–Њ—А–Ј–Є–љ–µ'),
(2, '–Ю–ґ–Є–і–∞–љ–Є–µ'),
(3, '–°–±–Њ—А–Ї–∞'),
(4, '–Ф–Њ—Б—В–∞–≤–Ї–∞'),
(5, '–Ф–Њ—Б—В–∞–≤–ї–µ–љ–Њ'),
(6, '–Я–Њ–ї—Г—З–µ–љ–Њ');

-- --------------------------------------------------------

--
-- –°—В—А—Г–Ї—В—Г—А–∞ —В–∞–±–ї–Є—Ж—Л `users`
--

CREATE TABLE `users` (
  `id_users` int NOT NULL,
  `email_users` varchar(150) CHARACTER SET utf8mb3 COLLATE utf8mb3_general_ci NOT NULL,
  `password_users` varchar(150) NOT NULL,
  `name_users` varchar(150) CHARACTER SET utf8mb3 COLLATE utf8mb3_general_ci DEFAULT NULL,
  `date_create_users` date DEFAULT NULL,
  `avatar_users` varchar(100) DEFAULT NULL,
  `is_banned_users` tinyint(1) NOT NULL DEFAULT '0',
  `is_deliver_users` tinyint(1) NOT NULL DEFAULT '0'
) ENGINE=InnoDB DEFAULT CHARSET=utf8mb3;

--
-- –Ф–∞–Љ–њ –і–∞–љ–љ—Л—Е —В–∞–±–ї–Є—Ж—Л `users`
--

INSERT INTO `users` (`id_users`, `email_users`, `password_users`, `name_users`, `date_create_users`, `avatar_users`, `is_banned_users`, `is_deliver_users`) VALUES
(1, 'admin@admin.com', '$2y$12$73pbhz0bIrj0J/DDZhU6AO3VSXrr2ZI8DlcXWyFm6g1qmqOZoQzvi', '–Р–і–Љ–Є–љ', '2025-11-30', NULL, 0, 1),
(2, 'user@user.com', '$2y$12$.iazHfKUey3WBOZFxhJgReCkDIXLx9zjStcHGXNfOzUhKX9Ddn35q', '–њ–Њ–ї—М–Ј–Њ–≤–∞—В–µ–ї—М', '2025-11-30', NULL, 0, 0),
(3, 'test@test.com', '$2y$12$uEnyqUE7pYWjb.nlWsd6O.GZNONfVQB0MoSh5eXi0YMDlMt9FTVlC', '–Ґ–µ—Б—В', '2026-03-17', NULL, 1, 0),
(4, 'del1@g.g', '$2y$12$73pbhz0bIrj0J/DDZhU6AO3VSXrr2ZI8DlcXWyFm6g1qmqOZoQzvi', '–Ф–Њ—Б—В–∞–≤—Й–Є–Ї–Ю–і–Є–љ', '2026-04-06', NULL, 0, 1),
(5, 'del2@g.g', '$2y$12$73pbhz0bIrj0J/DDZhU6AO3VSXrr2ZI8DlcXWyFm6g1qmqOZoQzvi', '–Ф–Њ—Б—В–∞–≤—Й–Є–Ї–Ф–≤–∞', '2026-04-06', NULL, 0, 1);

--
-- –Ш–љ–і–µ–Ї—Б—Л —Б–Њ—Е—А–∞–љ—С–љ–љ—Л—Е —В–∞–±–ї–Є—Ж
--

--
-- –Ш–љ–і–µ–Ї—Б—Л —В–∞–±–ї–Є—Ж—Л `attributes`
--
ALTER TABLE `attributes`
  ADD PRIMARY KEY (`id_attributes`),
  ADD KEY `properties_id_attributes` (`properties_id_attributes`);

--
-- –Ш–љ–і–µ–Ї—Б—Л —В–∞–±–ї–Є—Ж—Л `baskets`
--
ALTER TABLE `baskets`
  ADD PRIMARY KEY (`id_baskets`),
  ADD KEY `items_id_baskets` (`items_id_baskets`),
  ADD KEY `orders_id_baskets` (`orders_id_baskets`);

--
-- –Ш–љ–і–µ–Ї—Б—Л —В–∞–±–ї–Є—Ж—Л `comments`
--
ALTER TABLE `comments`
  ADD PRIMARY KEY (`id_comments`),
  ADD KEY `id_users_comments` (`users_id_comments`),
  ADD KEY `items_id_comments` (`items_id_comments`);

--
-- –Ш–љ–і–µ–Ї—Б—Л —В–∞–±–ї–Є—Ж—Л `items`
--
ALTER TABLE `items`
  ADD PRIMARY KEY (`id_items`),
  ADD KEY `id_items_type_items` (`items_type_id_items`);

--
-- –Ш–љ–і–µ–Ї—Б—Л —В–∞–±–ї–Є—Ж—Л `items_properties`
--
ALTER TABLE `items_properties`
  ADD PRIMARY KEY (`id_items_properties`),
  ADD KEY `items_id_items_properties` (`items_id_items_properties`),
  ADD KEY `attributes_id_items_properties` (`attributes_id_items_properties`);

--
-- –Ш–љ–і–µ–Ї—Б—Л —В–∞–±–ї–Є—Ж—Л `items_type`
--
ALTER TABLE `items_type`
  ADD PRIMARY KEY (`id_items_type`);

--
-- –Ш–љ–і–µ–Ї—Б—Л —В–∞–±–ї–Є—Ж—Л `orders`
--
ALTER TABLE `orders`
  ADD PRIMARY KEY (`id_orders`),
  ADD KEY `status_id_orders` (`status_id_orders`),
  ADD KEY `users_id_orders` (`users_id_orders`),
  ADD KEY `user_deliver_baskets` (`users_deliver_orders`);

--
-- –Ш–љ–і–µ–Ї—Б—Л —В–∞–±–ї–Є—Ж—Л `properties`
--
ALTER TABLE `properties`
  ADD PRIMARY KEY (`id_properties`);

--
-- –Ш–љ–і–µ–Ї—Б—Л —В–∞–±–ї–Є—Ж—Л `status`
--
ALTER TABLE `status`
  ADD PRIMARY KEY (`id_status`);

--
-- –Ш–љ–і–µ–Ї—Б—Л —В–∞–±–ї–Є—Ж—Л `users`
--
ALTER TABLE `users`
  ADD PRIMARY KEY (`id_users`),
  ADD UNIQUE KEY `login_users` (`email_users`);

--
-- AUTO_INCREMENT –і–ї—П —Б–Њ—Е—А–∞–љ—С–љ–љ—Л—Е —В–∞–±–ї–Є—Ж
--

--
-- AUTO_INCREMENT –і–ї—П —В–∞–±–ї–Є—Ж—Л `attributes`
--
ALTER TABLE `attributes`
  MODIFY `id_attributes` int NOT NULL AUTO_INCREMENT, AUTO_INCREMENT=5;

--
-- AUTO_INCREMENT –і–ї—П —В–∞–±–ї–Є—Ж—Л `baskets`
--
ALTER TABLE `baskets`
  MODIFY `id_baskets` int NOT NULL AUTO_INCREMENT, AUTO_INCREMENT=21;

--
-- AUTO_INCREMENT –і–ї—П —В–∞–±–ї–Є—Ж—Л `comments`
--
ALTER TABLE `comments`
  MODIFY `id_comments` int NOT NULL AUTO_INCREMENT;

--
-- AUTO_INCREMENT –і–ї—П —В–∞–±–ї–Є—Ж—Л `items`
--
ALTER TABLE `items`
  MODIFY `id_items` int NOT NULL AUTO_INCREMENT, AUTO_INCREMENT=390;

--
-- AUTO_INCREMENT –і–ї—П —В–∞–±–ї–Є—Ж—Л `items_properties`
--
ALTER TABLE `items_properties`
  MODIFY `id_items_properties` int NOT NULL AUTO_INCREMENT;

--
-- AUTO_INCREMENT –і–ї—П —В–∞–±–ї–Є—Ж—Л `items_type`
--
ALTER TABLE `items_type`
  MODIFY `id_items_type` int NOT NULL AUTO_INCREMENT, AUTO_INCREMENT=4;

--
-- AUTO_INCREMENT –і–ї—П —В–∞–±–ї–Є—Ж—Л `orders`
--
ALTER TABLE `orders`
  MODIFY `id_orders` int NOT NULL AUTO_INCREMENT, AUTO_INCREMENT=13;

--
-- AUTO_INCREMENT –і–ї—П —В–∞–±–ї–Є—Ж—Л `properties`
--
ALTER TABLE `properties`
  MODIFY `id_properties` int NOT NULL AUTO_INCREMENT, AUTO_INCREMENT=3;

--
-- AUTO_INCREMENT –і–ї—П —В–∞–±–ї–Є—Ж—Л `status`
--
ALTER TABLE `status`
  MODIFY `id_status` int NOT NULL AUTO_INCREMENT, AUTO_INCREMENT=7;

--
-- AUTO_INCREMENT –і–ї—П —В–∞–±–ї–Є—Ж—Л `users`
--
ALTER TABLE `users`
  MODIFY `id_users` int NOT NULL AUTO_INCREMENT, AUTO_INCREMENT=6;

--
-- –Ю–≥—А–∞–љ–Є—З–µ–љ–Є—П –≤–љ–µ—И–љ–µ–≥–Њ –Ї–ї—О—З–∞ —Б–Њ—Е—А–∞–љ–µ–љ–љ—Л—Е —В–∞–±–ї–Є—Ж
--

--
-- –Ю–≥—А–∞–љ–Є—З–µ–љ–Є—П –≤–љ–µ—И–љ–µ–≥–Њ –Ї–ї—О—З–∞ —В–∞–±–ї–Є—Ж—Л `attributes`
--
ALTER TABLE `attributes`
  ADD CONSTRAINT `attributes_ibfk_1` FOREIGN KEY (`properties_id_attributes`) REFERENCES `properties` (`id_properties`) ON DELETE CASCADE ON UPDATE RESTRICT;

--
-- –Ю–≥—А–∞–љ–Є—З–µ–љ–Є—П –≤–љ–µ—И–љ–µ–≥–Њ –Ї–ї—О—З–∞ —В–∞–±–ї–Є—Ж—Л `baskets`
--
ALTER TABLE `baskets`
  ADD CONSTRAINT `baskets_ibfk_1` FOREIGN KEY (`items_id_baskets`) REFERENCES `items` (`id_items`) ON DELETE CASCADE ON UPDATE RESTRICT,
  ADD CONSTRAINT `baskets_ibfk_2` FOREIGN KEY (`orders_id_baskets`) REFERENCES `orders` (`id_orders`) ON DELETE CASCADE ON UPDATE RESTRICT;

--
-- –Ю–≥—А–∞–љ–Є—З–µ–љ–Є—П –≤–љ–µ—И–љ–µ–≥–Њ –Ї–ї—О—З–∞ —В–∞–±–ї–Є—Ж—Л `comments`
--
ALTER TABLE `comments`
  ADD CONSTRAINT `comments_ibfk_1` FOREIGN KEY (`users_id_comments`) REFERENCES `users` (`id_users`) ON DELETE CASCADE ON UPDATE RESTRICT,
  ADD CONSTRAINT `comments_ibfk_2` FOREIGN KEY (`items_id_comments`) REFERENCES `items` (`id_items`) ON DELETE CASCADE ON UPDATE RESTRICT;

--
-- –Ю–≥—А–∞–љ–Є—З–µ–љ–Є—П –≤–љ–µ—И–љ–µ–≥–Њ –Ї–ї—О—З–∞ —В–∞–±–ї–Є—Ж—Л `items`
--
ALTER TABLE `items`
  ADD CONSTRAINT `items_ibfk_1` FOREIGN KEY (`items_type_id_items`) REFERENCES `items_type` (`id_items_type`) ON DELETE RESTRICT ON UPDATE RESTRICT;

--
-- –Ю–≥—А–∞–љ–Є—З–µ–љ–Є—П –≤–љ–µ—И–љ–µ–≥–Њ –Ї–ї—О—З–∞ —В–∞–±–ї–Є—Ж—Л `items_properties`
--
ALTER TABLE `items_properties`
  ADD CONSTRAINT `items_properties_ibfk_1` FOREIGN KEY (`items_id_items_properties`) REFERENCES `items` (`id_items`) ON DELETE CASCADE ON UPDATE RESTRICT,
  ADD CONSTRAINT `items_properties_ibfk_2` FOREIGN KEY (`attributes_id_items_properties`) REFERENCES `attributes` (`id_attributes`) ON DELETE CASCADE ON UPDATE RESTRICT;

--
-- –Ю–≥—А–∞–љ–Є—З–µ–љ–Є—П –≤–љ–µ—И–љ–µ–≥–Њ –Ї–ї—О—З–∞ —В–∞–±–ї–Є—Ж—Л `orders`
--
ALTER TABLE `orders`
  ADD CONSTRAINT `orders_ibfk_1` FOREIGN KEY (`status_id_orders`) REFERENCES `status` (`id_status`) ON DELETE RESTRICT ON UPDATE RESTRICT,
  ADD CONSTRAINT `orders_ibfk_2` FOREIGN KEY (`users_id_orders`) REFERENCES `users` (`id_users`) ON DELETE RESTRICT ON UPDATE RESTRICT,
  ADD CONSTRAINT `orders_ibfk_3` FOREIGN KEY (`users_deliver_orders`) REFERENCES `users` (`id_users`) ON DELETE RESTRICT ON UPDATE RESTRICT;
COMMIT;

/*!40101 SET CHARACTER_SET_CLIENT=@OLD_CHARACTER_SET_CLIENT */;
/*!40101 SET CHARACTER_SET_RESULTS=@OLD_CHARACTER_SET_RESULTS */;
/*!40101 SET COLLATION_CONNECTION=@OLD_COLLATION_CONNECTION */;
